date,sentiment_index,equal_weight
2014-01-03,0.00099733,0.00090064
2014-01-06,0.00223085,0.00224423
2014-01-07,0.00623759,0.00634671
2014-01-08,-0.00040721,-0.00052949
2014-01-09,-0.00254505,-0.00187034
2014-01-10,-0.00035294,-0.00044576
2014-01-13,-0.01277885,-0.01269504
2014-01-14,0.01296521,0.0123904
2014-01-15,0.00827762,0.00831913
2014-01-16,-0.00436089,-0.00444582
2014-01-17,-0.00776223,-0.00683138
2014-01-21,0.00402446,0.00383552
2014-01-22,-0.00182608,-0.00088177
2014-01-23,-0.00988854,-0.01059856
2014-01-24,-0.02290712,-0.02127152
2014-01-27,-0.00426317,-0.00531826
2014-01-28,0.0041204,0.00639758
2014-01-29,-0.01417617,-0.0139574
2014-01-30,0.0191018,0.01616634
2014-01-31,-0.01091845,-0.01064715
2014-02-03,-0.02147138,-0.02104323
2014-02-04,0.00667191,0.00613733
2014-02-05,-0.00122027,-0.0010222
2014-02-06,0.0150394,0.01575797
2014-02-07,0.01324026,0.01277864
2014-02-10,0.00284935,0.00262275
2014-02-11,0.01164644,0.01156573
2014-02-12,-0.00256298,-0.00269569
2014-02-13,0.00829164,0.00597813
2014-02-14,0.00484165,0.00521421
2014-02-18,-0.00256944,-0.00332897
2014-02-19,-0.00859692,-0.00907187
2014-02-20,0.00363502,0.00411791
2014-02-21,-0.00441659,-0.00433468
2014-02-24,0.00916505,0.00948692
2014-02-25,-0.00422969,-0.0037699
2014-02-26,0.00029802,0.00056735
2014-02-27,0.00443756,0.00415828
2014-02-28,0.00119217,0.00138974
2014-03-03,-0.00894155,-0.00919786
2014-03-04,0.01481534,0.01526267
2014-03-05,0.00456102,0.0045845
2014-03-06,0.00134335,0.00213107
2014-03-07,-0.00126117,-0.00037449
2014-03-10,0.00191136,0.00158194
2014-03-11,-0.00616488,-0.00670513
2014-03-12,0.00211261,0.00148702
2014-03-13,-0.01196013,-0.01221459
2014-03-14,-0.0060624,-0.0052687
2014-03-17,0.01094916,0.01106516
2014-03-18,0.00822639,0.00793719
2014-03-19,-0.00486949,-0.00516066
2014-03-20,0.00834368,0.0093491
2014-03-21,-0.00295202,-0.00201877
2014-03-24,-0.00387037,-0.00479581
2014-03-25,0.00595806,0.00706941
2014-03-26,-0.01009162,-0.00993431
2014-03-27,-0.00638497,-0.00382524
2014-03-28,0.00327487,0.00367308
2014-03-31,0.00510519,0.00505329
2014-04-01,0.0092412,0.00930854
2014-04-02,0.00120385,0.00130552
2014-04-03,-0.00325275,-0.00323422
2014-04-04,-0.01443138,-0.01468042
2014-04-07,-0.00830556,-0.00821246
2014-04-08,0.0051776,0.00594289
2014-04-09,0.01158374,0.01252226
2014-04-10,-0.02309166,-0.02456402
2014-04-11,-0.00962877,-0.00968986
2014-04-14,0.00940642,0.00913845
2014-04-15,0.00806927,0.00824863
2014-04-16,0.00957304,0.00917903
2014-04-17,0.00326003,0.00235226
2014-04-21,0.00420189,0.00384087
2014-04-22,0.00255544,0.00356661
2014-04-23,-0.00194047,-0.00127907
2014-04-24,0.00869851,0.00410061
2014-04-25,-0.01364131,-0.01250683
2014-04-28,0.00445827,0.00107483
2014-04-29,0.00545979,0.00648714
2014-04-30,0.00258064,0.00227334
2014-05-01,-0.0005094,-0.00099979
2014-05-02,-0.0012949,-0.00139333
2014-05-05,0.00058762,-0.00066507
2014-05-06,-0.01431221,-0.01363491
2014-05-07,0.00163878,0.00286451
2014-05-08,0.00128253,0.00059982
2014-05-09,0.00140788,0.00105098
2014-05-12,0.01136485,0.01130894
2014-05-13,0.00222077,0.00234965
2014-05-14,-0.00625754,-0.00626513
2014-05-15,-0.00693999,-0.00825146
2014-05-16,0.00302545,0.00174754
2014-05-19,0.00573349,0.0046474
2014-05-20,-0.00363158,-0.00413528
2014-05-21,0.01137383,0.01112582
2014-05-22,0.00151815,0.00129266
2014-05-23,0.00601428,0.00455827
2014-05-27,0.00982088,0.00903434
2014-05-28,-0.00142763,-0.00128391
2014-05-29,0.0047107,0.0032889
2014-05-30,0.00157405,0.00229501
2014-06-02,-0.00176096,-0.00055083
2014-06-03,-0.00019743,-0.00012371
2014-06-04,0.0008252,-0.00021839
2014-06-05,0.01189763,0.01094994
2014-06-06,0.00449367,0.00489917
2014-06-09,0.00365988,0.00348525
2014-06-10,0.00516001,0.00474209
2014-06-11,-0.00523625,-0.00589833
2014-06-12,-0.01124394,-0.00940462
2014-06-13,0.00353549,0.00445622
2014-06-16,0.00073328,-0.00026471
2014-06-17,0.00067834,0.00140466
2014-06-18,0.00770512,0.00759342
2014-06-19,-0.00240563,-0.00096723
2014-06-20,-0.00012319,0.00120707
2014-06-23,0.00293902,0.00282704
2014-06-24,-0.00462399,-0.00478109
2014-06-25,0.00529275,0.00504268
2014-06-26,-0.00236415,-0.00275347
2014-06-27,0.00348691,0.00279008
2014-06-30,-0.0004648,-0.00126229
2014-07-01,0.0077075,0.0077656
2014-07-02,0.00044085,0.00081774
2014-07-03,0.00466829,0.00472663
2014-07-07,-0.00067031,-0.00157471
2014-07-08,-0.01068735,-0.01130578
2014-07-09,0.00585554,0.00611972
2014-07-10,-0.00306356,-0.00343962
2014-07-11,0.00503106,0.00455968
2014-07-14,0.00868618,0.008498
2014-07-15,0.00055565,0.00177614
2014-07-16,0.00876317,0.00844445
2014-07-17,-0.01280622,-0.01185621
2014-07-18,0.01170491,0.01096055
2014-07-21,-0.00058704,-0.00090097
2014-07-22,0.0040197,0.00402719
2014-07-23,0.00261061,0.00126793
2014-07-24,0.00246829,0.00205415
2014-07-25,-0.00778852,-0.00722248
2014-07-28,-0.00068146,-0.00126522
2014-07-29,-0.0066913,-0.00658384
2014-07-30,0.0013467,0.00226794
2014-07-31,-0.02073105,-0.02079839
2014-08-01,-0.00449642,-0.00603073
2014-08-04,0.00502223,0.00647831
2014-08-05,-0.00927924,-0.00927786
2014-08-06,0.00365522,0.00341243
2014-08-07,-0.00298523,-0.00294996
2014-08-08,0.0076019,0.00772154
2014-08-11,0.00280886,0.00230601
2014-08-12,-0.0018307,-0.00194379
2014-08-13,0.00971471,0.00943295
2014-08-14,0.0032952,0.00435203
2014-08-15,-0.00081718,-0.00110232
2014-08-18,0.01013714,0.01010006
2014-08-19,0.00428666,0.00401024
2014-08-20,0.00150482,0.00122735
2014-08-21,0.00654044,0.00683852
2014-08-22,-0.00188029,-0.00254746
2014-08-25,0.00385466,0.00384732
2014-08-26,0.0032188,0.00324826
2014-08-27,-0.00017313,-0.0008853
2014-08-28,-0.00357028,-0.00366725
2014-08-29,0.00291871,0.00323743
2014-09-02,0.00086293,0.00088856
2014-09-03,-0.00335898,-0.00136602
2014-09-04,0.00087412,0.00094669
2014-09-05,0.0047162,0.00498238
2014-09-08,1.667e-05,-4.018e-05
2014-09-09,-0.0080837,-0.00796167
2014-09-10,0.00578632,0.00510361
2014-09-11,0.00277772,0.00252036
2014-09-12,-0.0029565,-0.00331671
2014-09-15,-0.0027011,-0.00211479
2014-09-16,0.00595398,0.00684636
2014-09-17,0.00171979,0.00149248
2014-09-18,0.00603262,0.00631534
2014-09-19,0.0028525,0.0033922
2014-09-22,-0.00621016,-0.00701854
2014-09-23,-0.00267622,-0.00411117
2014-09-24,0.00594998,0.00698233
2014-09-25,-0.01927895,-0.01777918
2014-09-26,0.00970806,0.00862301
2014-09-29,-0.00187543,-0.00171542
2014-09-30,0.00070662,0.0004888
2014-10-01,-0.01455953,-0.01430539
2014-10-02,-0.0004613,-0.00081477
2014-10-03,0.01186079,0.01201892
2014-10-06,0.00032819,0.00014586
2014-10-07,-0.01496741,-0.01512554
2014-10-08,0.01702399,0.01729228
2014-10-09,-0.02041191,-0.02006788
2014-10-10,-0.01336556,-0.01359931
2014-10-13,-0.01166029,-0.01220614
2014-10-14,0.00135153,0.00124582
2014-10-15,-0.01548022,-0.01551865
2014-10-16,-0.00534134,-0.0051424
2014-10-17,0.01437408,0.01318308
2014-10-20,0.00855088,0.0083888
2014-10-21,0.01715553,0.01711642
2014-10-22,-0.00637921,-0.00654475
2014-10-23,0.01181382,0.01175706
2014-10-24,0.00195197,0.00271168
2014-10-27,-0.00165356,-0.00155855
2014-10-28,0.01148449,0.01151556
2014-10-29,-0.002766,-0.00119319
2014-10-30,0.0002345,0.00047363
2014-10-31,0.01323916,0.01389215
2014-11-03,-0.00014773,0.00017146
2014-11-04,0.00058847,-9.873e-05
2014-11-05,0.00150401,0.00250045
2014-11-06,0.0046801,0.00500312
2014-11-07,-3.103e-05,3.427e-05
2014-11-10,0.00146485,0.00170203
2014-11-11,0.00178247,0.00130748
2014-11-12,3.765e-05,-0.00077982
2014-11-13,0.00649143,0.00576166
2014-11-14,0.0048597,0.00446447
2014-11-17,-0.00091588,-0.00088705
2014-11-18,0.00469834,0.00455646
2014-11-19,-5.875e-05,0.00010061
2014-11-20,0.0034407,0.0033495
2014-11-21,0.00289603,0.00297347
2014-11-24,0.00415168,0.00406668
2014-11-25,-0.00078225,-0.00032075
2014-11-26,0.00469973,0.00426965
2014-11-28,-0.00031178,-0.00113636
2014-12-01,-0.0090143,-0.00749677
2014-12-02,0.00631803,0.00747601
2014-12-03,-0.0012702,-0.00095064
2014-12-04,-0.0006847,-0.00141079
2014-12-05,0.00081897,0.00199337
2014-12-08,-0.00886673,-0.00843478
2014-12-09,-0.00064709,-0.00141936
2014-12-10,-0.01662945,-0.01676342
2014-12-11,0.00409972,0.00417819
2014-12-12,-0.01390425,-0.01419957
2014-12-15,-0.00770806,-0.00721243
2014-12-16,-0.01354164,-0.01225927
2014-12-17,0.01920847,0.01934377
2014-12-18,0.02258198,0.02280144
2014-12-19,0.00367624,0.00364109
2014-12-22,0.00970758,0.00952586
2014-12-23,0.00380045,0.00416083
2014-12-24,-0.00125445,-0.00140468
2014-12-26,0.00368867,0.00311886
2014-12-29,-0.0001333,-2.359e-05
2014-12-30,-0.00405502,-0.00352481
2014-12-31,-0.01111152,-0.01076891
2015-01-02,-0.00045844,-4.053e-05
2015-01-05,-0.01845428,-0.01837837
2015-01-06,-0.01075566,-0.01153346
2015-01-07,0.0103511,0.0098787
2015-01-08,0.01783815,0.01760202
2015-01-09,-0.0075148,-0.0082215
2015-01-12,-0.00889598,-0.00821332
2015-01-13,-0.00108638,-0.00187649
2015-01-14,-0.00814067,-0.00871115
2015-01-15,-0.0146009,-0.01414402
2015-01-16,0.0092861,0.01042046
2015-01-20,0.00266553,0.00236447
2015-01-21,0.00586801,0.00562025
2015-01-22,0.02201693,0.02175929
2015-01-23,-0.00617029,-0.00711694
2015-01-26,-0.00050102,0.00038036
2015-01-27,-0.02153062,-0.02002964
2015-01-28,-0.00613964,-0.01042993
2015-01-29,0.01571202,0.01334188
2015-01-30,-0.0060117,-0.00904587
2015-02-02,0.01349593,0.0138349
2015-02-03,0.01014278,0.01250243
2015-02-04,0.00245386,0.00110635
2015-02-05,0.01140446,0.01127583
2015-02-06,-0.00096986,0.00094623
2015-02-09,-0.00298379,-0.00346695
2015-02-10,0.01082774,0.01021208
2015-02-11,0.00174939,-0.00022226
2015-02-12,0.01316693,0.01430622
2015-02-13,0.00558822,0.00570656
2015-02-17,-0.00032181,4.716e-05
2015-02-18,-0.00297419,-0.0043404
2015-02-19,-0.00025513,-0.00020906
2015-02-20,0.00770363,0.0073138
2015-02-23,-0.00203868,-0.00422163
2015-02-24,0.00287246,0.00407693
2015-02-25,-0.00020133,0.00220888
2015-02-26,0.0025109,0.00079428
2015-02-27,-0.00561787,-0.00479621
2015-03-02,0.01028868,0.01010666
2015-03-03,-0.00290824,-0.00287873
2015-03-04,-0.00443891,-0.00392949
2015-03-05,-0.00058103,0.00025581
2015-03-06,-0.01188354,-0.01204604
2015-03-09,0.00291083,0.00264763
2015-03-10,-0.02002775,-0.01964842
2015-03-11,-0.00138386,-0.00113094
2015-03-12,0.00974485,0.00944602
2015-03-13,-0.00619593,-0.00596197
2015-03-16,0.0102084,0.0097332
2015-03-17,-0.00098901,-0.00103703
2015-03-18,0.01022245,0.00966374
2015-03-19,-0.00739401,-0.0081888
2015-03-20,0.00840613,0.00933628
2015-03-23,0.00024025,-0.00053232
2015-03-24,-0.00621014,-0.00616059
2015-03-25,-0.01513468,-0.0149415
2015-03-26,-0.0018076,-0.002033
2015-03-27,-0.00034409,0.00123155
2015-03-30,0.0135146,0.01243364
2015-03-31,-0.0080155,-0.00795113
2015-04-01,-0.00529013,-0.00549547
2015-04-02,0.00177743,0.00191768
2015-04-06,0.00739093,0.00637322
2015-04-07,0.00063925,0.00095345
2015-04-08,0.00155254,0.00164538
2015-04-09,0.0049042,0.00508724
2015-04-10,0.00900519,0.00964796
2015-04-13,-0.00355581,-0.00308834
2015-04-14,-0.00026127,0.00104172
2015-04-15,0.00504797,0.00560083
2015-04-16,0.00015235,0.0007016
2015-04-17,-0.01345544,-0.01322669
2015-04-20,0.01333797,0.01214989
2015-04-21,-0.00311254,-0.00326595
2015-04-22,0.00570394,0.00576557
2015-04-23,0.00063787,0.00069809
2015-04-24,0.0159286,0.01251876
2015-04-27,-0.00041074,-0.00108094
2015-04-28,-0.00010437,0.00222764
2015-04-29,-0.00300515,-0.00138236
2015-04-30,-0.01182378,-0.00982932
2015-05-01,0.00974077,0.00817975
2015-05-04,0.00252228,0.00313747
2015-05-05,-0.01056594,-0.00950856
2015-05-06,-0.00658688,-0.00628752
2015-05-07,0.00374587,0.00357543
2015-05-08,0.01465441,0.0143386
2015-05-11,-0.00625615,-0.00559707
2015-05-12,-0.00239161,-0.00224767
2015-05-13,0.00187932,0.00193833
2015-05-14,0.0109034,0.01120526
2015-05-15,-0.00096014,-0.00205142
2015-05-18,0.00303998,0.0026226
2015-05-19,4.606e-05,-0.00025707
2015-05-20,-0.00060516,-0.00065367
2015-05-21,0.00246223,0.00203581
2015-05-22,-0.0029799,-0.00366175
2015-05-26,-0.01122674,-0.01068335
2015-05-27,0.00961742,0.00903241
2015-05-28,-0.00120787,-0.00103701
2015-05-29,-0.00522344,-0.00514703
2015-06-01,0.00131414,0.0016226
2015-06-02,5.14e-05,0.00024567
2015-06-03,0.00408739,0.0044398
2015-06-04,-0.00940412,-0.00930102
2015-06-05,-0.00131286,-0.0005649
2015-06-08,-0.00746364,-0.00725897
2015-06-09,0.00093926,0.00114185
2015-06-10,0.01323486,0.01285633
2015-06-11,0.00059357,0.00073
2015-06-12,-0.00704796,-0.00678547
2015-06-15,-0.00568927,-0.00544824
2015-06-16,0.00597269,0.00601839
2015-06-17,0.00152657,0.00149651
2015-06-18,0.01109672,0.01089781
2015-06-19,-0.00704795,-0.00698064
2015-06-22,0.00715307,0.00700173
2015-06-23,0.00286735,0.00347314
2015-06-24,-0.00518124,-0.00579352
2015-06-25,-0.00460921,-0.00465481
2015-06-26,-0.00217188,-0.00158564
2015-06-29,-0.01973356,-0.01987882
2015-06-30,0.00196047,0.00138733
2015-07-01,0.00682362,0.00660159
2015-07-02,-0.00018096,-0.00069792
2015-07-06,-0.00321161,-0.00357604
2015-07-07,0.00372044,0.00339364
2015-07-08,-0.01586086,-0.01568616
2015-07-09,0.00168045,0.00299975
2015-07-10,0.01384408,0.0126771
2015-07-13,0.01623755,0.0151829
2015-07-14,0.00687515,0.00663941
2015-07-15,0.0018785,0.0022549
2015-07-16,0.01352006,0.01219488
2015-07-17,0.01427111,0.0083278
2015-07-20,0.00201021,0.00178093
2015-07-21,-0.00268473,-0.00243767
2015-07-22,-0.00546557,-0.00263874
2015-07-23,-0.00741668,-0.00543009
2015-07-24,-0.00387665,-0.00528218
2015-07-27,-0.00570353,-0.00670425
2015-07-28,0.00710315,0.00915103
2015-07-29,0.00810281,0.00884459
2015-07-30,-0.00017581,-0.00078043
2015-07-31,-0.00575252,-0.00645911
2015-08-03,-0.00293818,-0.00263699
2015-08-04,-0.00255414,-0.00207794
2015-08-05,0.00386719,0.00271307
2015-08-06,-0.00735632,-0.00632237
2015-08-07,-0.00579868,-0.00576481
2015-08-10,0.01218794,0.01316744
2015-08-11,-0.00990096,-0.01029715
2015-08-12,0.00056134,0.00035811
2015-08-13,0.00028453,0.00080389
2015-08-14,0.00443475,0.00419313
2015-08-17,0.0026892,0.00225597
2015-08-18,-0.00455502,-0.00474498
2015-08-19,-0.00990942,-0.01062262
2015-08-20,-0.02551605,-0.02552888
2015-08-21,-0.03663617,-0.03593848
2015-08-24,-0.04087128,-0.04053481
2015-08-25,-0.01218667,-0.01144355
2015-08-26,0.04755469,0.04688671
2015-08-27,0.02584165,0.0265115
2015-08-28,0.00021322,0.00096295
2015-08-31,-0.00671225,-0.00622978
2015-09-01,-0.0325729,-0.03225121
2015-09-02,0.02226764,0.02142252
2015-09-03,-0.00019876,-1.116e-05
2015-09-04,-0.01497539,-0.01531274
2015-09-08,0.02698756,0.02713334
2015-09-09,-0.01345349,-0.01380752
2015-09-10,0.00866641,0.00795255
2015-09-11,0.00593048,0.00512338
2015-09-14,-0.00319064,-0.00339206
2015-09-15,0.01185615,0.01232152
2015-09-16,0.00732413,0.0080822
2015-09-17,-0.00342941,-0.00380479
2015-09-18,-0.01502209,-0.0161114
2015-09-21,0.00726874,0.00670554
2015-09-22,-0.01129734,-0.01086087
2015-09-23,-0.00044953,-0.00063817
2015-09-24,-0.00153528,-0.00207277
2015-09-25,0.0025416,0.00307985
2015-09-28,-0.019487,-0.01946111
2015-09-29,0.00040047,0.00055468
2015-09-30,0.02005959,0.02004877
2015-10-01,0.00039572,0.00081912
2015-10-02,0.01298855,0.01289578
2015-10-05,0.01929846,0.02052074
2015-10-06,0.00222287,0.00217135
2015-10-07,0.00757016,0.00779637
2015-10-08,0.00420478,0.00476642
2015-10-09,0.00112916,0.00067552
2015-10-12,0.00170653,0.00194914
2015-10-13,-0.00257416,-0.00267826
2015-10-14,-0.00844978,-0.00900322
2015-10-15,0.01863494,0.01877139
2015-10-16,0.00625413,0.00617377
2015-10-19,0.00121603,0.00119051
2015-10-20,-0.00213382,-0.00159117
2015-10-21,-0.00530678,-0.00497946
2015-10-22,0.02043922,0.02024178
2015-10-23,0.02120508,0.01973034
2015-10-26,-0.00143119,-0.00264934
2015-10-27,-0.00178052,-0.00136188
2015-10-28,0.01454996,0.01459775
2015-10-29,-0.00188137,-0.00221699
2015-10-30,-0.00977437,-0.0094632
2015-11-02,0.01420576,0.01407848
2015-11-03,0.00553356,0.00497423
2015-11-04,-0.00020418,-0.00126224
2015-11-05,0.0044778,0.00402326
2015-11-06,0.00525391,0.00625981
2015-11-09,-0.00933434,-0.00958327
2015-11-10,0.00042415,0.00210871
2015-11-11,-0.00019596,-0.00138114
2015-11-12,-0.01270403,-0.01323185
2015-11-13,-0.01534559,-0.0144441
2015-11-16,0.01454094,0.01433494
2015-11-17,-0.00049843,0.00031099
2015-11-18,0.0187199,0.01777768
2015-11-19,0.00032222,0.00030587
2015-11-20,0.00226227,0.00183354
2015-11-23,-0.00244797,-0.00248012
2015-11-24,0.0002108,0.00015624
2015-11-25,-0.00085803,-0.00042926
2015-11-27,-0.00135325,-0.00109506
2015-11-30,-0.00468346,-0.00487939
2015-12-01,0.01337994,0.01370047
2015-12-02,-0.00928978,-0.00974445
2015-12-03,-0.01271352,-0.01246101
2015-12-04,0.02082907,0.0205043
2015-12-07,-0.00522679,-0.0057477
2015-12-08,-0.00857561,-0.00924308
2015-12-09,-0.00842044,-0.00668986
2015-12-10,0.00360305,0.00392756
2015-12-11,-0.02043313,-0.01977595
2015-12-14,0.00885985,0.00945079
2015-12-15,0.01093547,0.01483237
2015-12-16,0.01566387,0.01470729
2015-12-17,-0.01395049,-0.01459689
2015-12-18,-0.02147843,-0.02115659
2015-12-21,0.00740466,0.00704626
2015-12-22,0.00609264,0.00660057
2015-12-23,0.00922845,0.01057287
2015-12-24,-0.00255539,-0.00276708
2015-12-28,0.00054797,-4.601e-05
2015-12-29,0.01282722,0.01228916
2015-12-30,-0.00793779,-0.00783395
2015-12-31,-0.01196514,-0.01115474
2016-01-04,-0.01908083,-0.01820258
2016-01-05,-0.00058702,0.00039356
2016-01-06,-0.01142518,-0.01205783
2016-01-07,-0.02915899,-0.02803609
2016-01-08,-0.01254007,-0.0131128
2016-01-11,0.00539626,0.00490984
2016-01-12,0.00918953,0.00921103
2016-01-13,-0.0249682,-0.02487944
2016-01-14,0.01941507,0.01979393
2016-01-15,-0.03311186,-0.03249855
2016-01-19,-0.00116824,-0.00185218
2016-01-20,-0.01656996,-0.01812868
2016-01-21,0.00270996,0.0037566
2016-01-22,0.02305383,0.0223008
2016-01-25,-0.01483972,-0.01490383
2016-01-26,0.01541753,0.01706279
2016-01-27,-0.01735699,-0.01558865
2016-01-28,0.01995141,0.01984099
2016-01-29,0.01850928,0.0227344
2016-02-01,-0.00505408,-0.00434782
2016-02-02,-0.02292836,-0.02321096
2016-02-03,0.00054308,0.00220517
2016-02-04,0.00438562,0.00442767
2016-02-05,-0.0222325,-0.02128445
2016-02-08,-0.01139896,-0.01192775
2016-02-09,-0.00352128,-0.00393674
2016-02-10,-0.003173,-0.00431388
2016-02-11,-0.00609192,-0.00885631
2016-02-12,0.01857244,0.02298263
2016-02-16,0.01588652,0.01598452
2016-02-17,0.0168396,0.01791937
2016-02-18,-0.00840973,-0.00871111
2016-02-19,0.00032879,-0.00017987
2016-02-22,0.01573989,0.01640621
2016-02-23,-0.01637269,-0.0169673
2016-02-24,0.00341535,0.00290225
2016-02-25,0.01061381,0.01026354
2016-02-26,-0.00108859,-0.000551
2016-02-29,-0.00978072,-0.00951736
2016-03-01,0.02880347,0.02953668
2016-03-02,0.00542033,0.00577782
2016-03-03,0.00067785,0.00125439
2016-03-04,0.00112271,0.00138084
2016-03-07,-8.21e-06,0.00057479
2016-03-08,-0.00962074,-0.01039846
2016-03-09,0.00908694,0.0084323
2016-03-10,0.00048631,0.00019047
2016-03-11,0.01493922,0.01641792
2016-03-14,-0.000333,-0.00053278
2016-03-15,0.00179461,0.0016133
2016-03-16,0.0009699,0.00049026
2016-03-17,0.00641661,0.00589948
2016-03-18,0.00594868,0.00584109
2016-03-21,0.00123212,0.00200761
2016-03-22,-8.291e-05,-0.00029147
2016-03-23,-0.00624816,-0.00598465
2016-03-24,0.00055664,0.00078575
2016-03-28,-0.00104498,-0.00094594
2016-03-29,0.00716806,0.00642103
2016-03-30,0.00506973,0.00477284
2016-03-31,-0.00477021,-0.00487143
2016-04-01,0.00601745,0.0057164
2016-04-04,-0.00436813,-0.00479568
