trade_id,trade_date,currency,notional,market_value,mod_duration,spread_duration,convexity,equity_beta,pd_1y,lgd,dv01,cs01,fx_direction,asset_class,instrument,counterparty,sector,region,rating,maturity_years,spread_bps
T1001,2015-10-14,USD,18610000.0,16477000.0,0.0,0.0,0.0,0.0,0.009,0.45,0.0,0.0,0,Loan,Revolving Credit Facility,Pioneer Energy (fictional),Energy,Europe,BB,5.8,323
T1002,2015-06-11,USD,62425000.0,62425000.0,0.0,0.0,0.0,0.0,0.002,0.45,0.0,0.0,0,Loan,Trade Finance,Silverline Brands (fictional),Consumer,Europe,BBB,0.9,152
T1003,2015-12-21,USD,58229000.0,43955000.0,0.0,0.0,0.0,0.0,0.0002,0.45,0.0,0.0,0,Loan,Revolving Credit Facility,Harbor Industries (fictional),Industrials,Europe,AA,3.8,34
T1004,2015-09-07,USD,74710000.0,74710000.0,0.0,0.0,0.0,0.0,0.0006,0.35,0.0,0.0,0,Loan,Term Loan,Oakridge Industries (fictional),Industrials,Asia Pacific,A,2.8,104
T1005,2015-02-17,USD,86828000.0,86828000.0,0.0,0.0,0.0,0.0,0.0006,0.35,0.0,0.0,0,Loan,Term Loan,Atlas Properties (fictional),Real Estate,Emerging Markets,A,2.9,87
T1006,2015-10-21,USD,83116000.0,83116000.0,0.0,0.0,0.0,0.0,0.002,0.35,0.0,0.0,0,Loan,Term Loan,Redwood Health (fictional),Healthcare,North America,BBB,6.2,146
T1007,2015-10-15,USD,90170000.0,90170000.0,0.0,0.0,0.0,0.0,0.002,0.35,0.0,0.0,0,Loan,Term Loan,Ironbridge Power (fictional),Utilities,North America,BBB,2.0,167
T1008,2015-02-11,USD,40895000.0,40895000.0,0.0,0.0,0.0,0.0,0.009,0.35,0.0,0.0,0,Loan,Term Loan,Evergreen Power (fictional),Utilities,Asia Pacific,BB,2.7,294
T1009,2015-04-21,USD,66155000.0,41820000.0,0.0,0.0,0.0,0.0,0.002,0.45,0.0,0.0,0,Loan,Revolving Credit Facility,Evergreen Industries (fictional),Industrials,Europe,BBB,4.8,167
T1010,2015-01-22,USD,27909000.0,27909000.0,0.0,0.0,0.0,0.0,0.0006,0.35,0.0,0.0,0,Loan,Term Loan,Northwind Brands (fictional),Consumer,Europe,A,3.2,109
T1011,2015-10-25,USD,65988000.0,46098000.0,0.0,0.0,0.0,0.0,0.002,0.45,0.0,0.0,0,Loan,Revolving Credit Facility,Crescent Power (fictional),Utilities,North America,BBB,4.0,145
T1012,2015-02-25,USD,80361000.0,31884000.0,0.0,0.0,0.0,0.0,0.0006,0.45,0.0,0.0,0,Loan,Revolving Credit Facility,Silverline Systems (fictional),Technology,North America,A,4.5,116
T1013,2015-02-01,USD,57198000.0,57198000.0,0.0,0.0,0.0,0.0,0.002,0.35,0.0,0.0,0,Loan,Term Loan,Atlas Industries (fictional),Industrials,Europe,BBB,3.8,177
T1014,2015-09-19,USD,47820000.0,42154000.0,0.0,0.0,0.0,0.0,0.035,0.45,0.0,0.0,0,Loan,Revolving Credit Facility,Bluepeak Systems (fictional),Technology,Emerging Markets,B,5.9,475
T1015,2015-04-22,USD,99338000.0,99338000.0,0.0,0.0,0.0,0.0,0.0006,0.45,0.0,0.0,0,Loan,Trade Finance,Redwood Power (fictional),Utilities,North America,A,0.6,103
T1016,2015-08-02,USD,43669000.0,24422000.0,0.0,0.0,0.0,0.0,0.009,0.45,0.0,0.0,0,Loan,Revolving Credit Facility,Granite Power (fictional),Utilities,North America,BB,5.1,288
T1017,2015-02-22,USD,135620000.0,135620000.0,0.0,0.0,0.0,0.0,0.002,0.35,0.0,0.0,0,Loan,Term Loan,Evergreen Energy (fictional),Energy,North America,BBB,3.6,159
T1018,2015-08-04,USD,47487000.0,47487000.0,0.0,0.0,0.0,0.0,0.0006,0.45,0.0,0.0,0,Loan,Trade Finance,Bluepeak Health (fictional),Healthcare,Europe,A,0.7,96
T1019,2015-12-09,USD,99208000.0,58731000.0,0.0,0.0,0.0,0.0,0.002,0.45,0.0,0.0,0,Loan,Revolving Credit Facility,Northwind Systems (fictional),Technology,Emerging Markets,BBB,4.5,146
T1020,2015-01-08,USD,46765000.0,46765000.0,0.0,0.0,0.0,0.0,0.0006,0.35,0.0,0.0,0,Loan,Term Loan,Granite Capital (fictional),Financials,Europe,A,4.2,77
T1021,2015-08-29,USD,21967000.0,15450000.0,0.0,0.0,0.0,0.0,0.0006,0.45,0.0,0.0,0,Loan,Revolving Credit Facility,Meridian Systems (fictional),Technology,Emerging Markets,A,3.4,74
T1022,2015-07-22,USD,29470000.0,29470000.0,0.0,0.0,0.0,0.0,0.0006,0.45,0.0,0.0,0,Loan,Trade Finance,Atlas Health (fictional),Healthcare,Asia Pacific,A,0.5,68
T1023,2015-07-07,USD,104929000.0,104929000.0,0.0,0.0,0.0,0.0,0.009,0.35,0.0,0.0,0,Loan,Term Loan,Summit Brands (fictional),Consumer,Asia Pacific,BB,3.5,317
T1024,2015-11-22,USD,28760000.0,28760000.0,0.0,0.0,0.0,0.0,0.0006,0.35,0.0,0.0,0,Loan,Term Loan,Crescent Properties (fictional),Real Estate,Emerging Markets,A,7.0,69
T1025,2015-08-30,USD,131361000.0,131361000.0,0.0,0.0,0.0,0.0,0.009,0.35,0.0,0.0,0,Loan,Term Loan,Atlas Energy (fictional),Energy,Emerging Markets,BB,5.9,300
T1026,2015-02-14,USD,28779000.0,28779000.0,0.0,0.0,0.0,0.0,0.009,0.35,0.0,0.0,0,Loan,Term Loan,Summit Industries (fictional),Industrials,North America,BB,3.2,281
T1027,2015-12-21,USD,30880000.0,15014000.0,0.0,0.0,0.0,0.0,0.0006,0.45,0.0,0.0,0,Loan,Revolving Credit Facility,Meridian Energy (fictional),Energy,North America,A,5.9,79
T1028,2015-02-14,USD,63351000.0,63351000.0,0.0,0.0,0.0,0.0,0.0002,0.35,0.0,0.0,0,Loan,Term Loan,Lakeside Industries (fictional),Industrials,North America,AA,5.4,88
T1029,2015-09-27,USD,49101000.0,49101000.0,0.0,0.0,0.0,0.0,0.002,0.35,0.0,0.0,0,Loan,Term Loan,Lakeside Systems (fictional),Technology,Europe,BBB,5.6,125
T1030,2015-08-30,USD,49291000.0,49291000.0,0.0,0.0,0.0,0.0,0.035,0.35,0.0,0.0,0,Loan,Term Loan,Silverline Power (fictional),Utilities,North America,B,4.4,490
T1031,2015-02-08,USD,69397000.0,69397000.0,0.0,0.0,0.0,0.0,0.035,0.35,0.0,0.0,0,Loan,Term Loan,Falcon Systems (fictional),Technology,North America,B,5.2,510
T1032,2015-10-14,USD,35960000.0,28143000.0,0.0,0.0,0.0,0.0,0.035,0.45,0.0,0.0,0,Loan,Revolving Credit Facility,Silverline Health (fictional),Healthcare,Europe,B,4.3,498
T1033,2015-11-13,USD,16543000.0,10231000.0,0.0,0.0,0.0,0.0,0.009,0.45,0.0,0.0,0,Loan,Revolving Credit Facility,Northwind Power (fictional),Utilities,North America,BB,5.0,335
T1034,2015-06-15,USD,56701000.0,56701000.0,0.0,0.0,0.0,0.0,0.002,0.35,0.0,0.0,0,Loan,Term Loan,Granite Power (fictional),Utilities,Europe,BBB,6.3,136
T1035,2015-02-23,USD,342881000.0,116558000.0,0.0,0.0,0.0,0.0,0.009,0.45,0.0,0.0,0,Loan,Revolving Credit Facility,Harbor Brands (fictional),Consumer,North America,BB,5.0,301
T1036,2015-02-26,USD,77883000.0,77883000.0,0.0,0.0,0.0,0.0,0.0006,0.45,0.0,0.0,0,Loan,Trade Finance,Meridian Capital (fictional),Financials,North America,A,0.6,94
T1037,2015-09-06,USD,42998000.0,42998000.0,0.0,0.0,0.0,0.0,0.0002,0.35,0.0,0.0,0,Loan,Term Loan,Bluepeak Industries (fictional),Industrials,North America,AA,5.0,60
T1038,2015-03-08,USD,38916000.0,38916000.0,0.0,0.0,0.0,0.0,0.002,0.45,0.0,0.0,0,Loan,Trade Finance,Ironbridge Power (fictional),Utilities,North America,BBB,0.5,149
T1039,2015-07-11,USD,37959000.0,37959000.0,0.0,0.0,0.0,0.0,0.002,0.35,0.0,0.0,0,Loan,Term Loan,Harbor Properties (fictional),Real Estate,North America,BBB,3.9,175
T1040,2015-11-26,USD,21065000.0,21065000.0,0.0,0.0,0.0,0.0,0.0002,0.45,0.0,0.0,0,Loan,Trade Finance,Bluepeak Properties (fictional),Real Estate,Asia Pacific,AA,0.9,78
T1041,2015-07-07,USD,50352000.0,19171000.0,0.0,0.0,0.0,0.0,0.009,0.45,0.0,0.0,0,Loan,Revolving Credit Facility,Falcon Capital (fictional),Financials,Asia Pacific,BB,4.7,299
T1042,2015-06-02,USD,71661000.0,27508000.0,0.0,0.0,0.0,0.0,0.002,0.45,0.0,0.0,0,Loan,Revolving Credit Facility,Meridian Properties (fictional),Real Estate,Europe,BBB,4.4,129
T1043,2015-04-19,USD,57832000.0,57832000.0,0.0,0.0,0.0,0.0,0.002,0.35,0.0,0.0,0,Loan,Term Loan,Harbor Brands (fictional),Consumer,North America,BBB,5.4,134
T1044,2015-08-27,USD,78085000.0,78085000.0,0.0,0.0,0.0,0.0,0.002,0.35,0.0,0.0,0,Loan,Term Loan,Falcon Power (fictional),Utilities,Emerging Markets,BBB,6.2,149
T1045,2015-09-11,USD,108646000.0,108646000.0,0.0,0.0,0.0,0.0,0.002,0.35,0.0,0.0,0,Loan,Term Loan,Pioneer Capital (fictional),Financials,Europe,BBB,3.0,155
T1046,2015-12-08,USD,178883000.0,178883000.0,0.0,0.0,0.0,0.0,0.002,0.35,0.0,0.0,0,Loan,Term Loan,Meridian Brands (fictional),Consumer,North America,BBB,2.4,151
T1047,2015-04-03,USD,87958000.0,68350000.0,0.0,0.0,0.0,0.0,0.009,0.45,0.0,0.0,0,Loan,Revolving Credit Facility,Silverline Health (fictional),Healthcare,Emerging Markets,BB,6.7,285
T1048,2015-06-20,USD,120005000.0,120005000.0,0.0,0.0,0.0,0.0,0.002,0.35,0.0,0.0,0,Loan,Term Loan,Granite Health (fictional),Healthcare,North America,BBB,4.9,148
T1049,2015-02-13,USD,17399000.0,17399000.0,0.0,0.0,0.0,0.0,0.009,0.35,0.0,0.0,0,Loan,Term Loan,Lakeside Health (fictional),Healthcare,Asia Pacific,BB,6.7,330
T1050,2015-05-02,USD,42597000.0,42597000.0,0.0,0.0,0.0,0.0,0.002,0.35,0.0,0.0,0,Loan,Term Loan,Bluepeak Power (fictional),Utilities,North America,BBB,5.4,163
T1051,2015-02-23,USD,54917000.0,54917000.0,0.0,0.0,0.0,0.0,0.0006,0.35,0.0,0.0,0,Loan,Term Loan,Oakridge Health (fictional),Healthcare,Asia Pacific,A,2.8,117
T1052,2015-06-24,USD,38405000.0,33093000.0,0.0,0.0,0.0,0.0,0.002,0.45,0.0,0.0,0,Loan,Revolving Credit Facility,Oakridge Energy (fictional),Energy,Europe,BBB,5.9,156
T1053,2015-08-21,USD,83664000.0,83664000.0,0.0,0.0,0.0,0.0,0.009,0.45,0.0,0.0,0,Loan,Trade Finance,Ironbridge Capital (fictional),Financials,Emerging Markets,BB,0.9,332
T1054,2015-04-18,USD,131641000.0,131641000.0,0.0,0.0,0.0,0.0,0.002,0.35,0.0,0.0,0,Loan,Term Loan,Bluepeak Energy (fictional),Energy,Europe,BBB,6.1,145
T1055,2015-12-30,USD,70818000.0,70818000.0,0.0,0.0,0.0,0.0,0.0006,0.45,0.0,0.0,0,Loan,Trade Finance,Redwood Properties (fictional),Real Estate,Europe,A,0.6,83
T1056,2015-11-24,USD,65189000.0,65189000.0,0.0,0.0,0.0,0.0,0.009,0.35,0.0,0.0,0,Loan,Term Loan,Oakridge Energy (fictional),Energy,North America,BB,2.5,320
T1057,2015-01-14,USD,98166000.0,83086000.0,0.0,0.0,0.0,0.0,0.0006,0.45,0.0,0.0,0,Loan,Revolving Credit Facility,Northwind Power (fictional),Utilities,North America,A,5.3,114
T1058,2015-10-20,USD,24656000.0,19963000.0,0.0,0.0,0.0,0.0,0.002,0.45,0.0,0.0,0,Loan,Revolving Credit Facility,Northwind Energy (fictional),Energy,North America,BBB,2.3,160
T1059,2015-09-29,USD,57562000.0,21583000.0,0.0,0.0,0.0,0.0,0.002,0.45,0.0,0.0,0,Loan,Revolving Credit Facility,Oakridge Properties (fictional),Real Estate,Asia Pacific,BBB,4.5,152
T1060,2015-12-24,USD,35215000.0,16285000.0,0.0,0.0,0.0,0.0,0.0006,0.45,0.0,0.0,0,Loan,Revolving Credit Facility,Evergreen Brands (fictional),Consumer,Emerging Markets,A,5.5,91
T1061,2015-03-05,USD,55462000.0,55462000.0,0.0,0.0,0.0,0.0,0.002,0.35,0.0,0.0,0,Loan,Term Loan,Granite Health (fictional),Healthcare,North America,BBB,5.5,144
T1062,2015-07-28,USD,77562000.0,77562000.0,0.0,0.0,0.0,0.0,0.035,0.35,0.0,0.0,0,Loan,Term Loan,Bluepeak Systems (fictional),Technology,North America,B,5.2,512
T1063,2015-02-24,USD,113827000.0,78488000.0,0.0,0.0,0.0,0.0,0.0006,0.45,0.0,0.0,0,Loan,Revolving Credit Facility,Silverline Industries (fictional),Industrials,Emerging Markets,A,6.7,69
T1064,2015-04-22,USD,62550000.0,62550000.0,0.0,0.0,0.0,0.0,0.002,0.35,0.0,0.0,0,Loan,Term Loan,Lakeside Industries (fictional),Industrials,Europe,BBB,3.4,125
T1065,2015-08-03,USD,36391000.0,36391000.0,0.0,0.0,0.0,0.0,0.002,0.35,0.0,0.0,0,Loan,Term Loan,Ironbridge Brands (fictional),Consumer,Europe,BBB,3.1,176
T1066,2015-07-26,USD,116506000.0,116506000.0,0.0,0.0,0.0,0.0,0.002,0.35,0.0,0.0,0,Loan,Term Loan,Summit Brands (fictional),Consumer,North America,BBB,4.9,141
T1067,2015-06-07,USD,48950000.0,48950000.0,0.0,0.0,0.0,0.0,0.002,0.35,0.0,0.0,0,Loan,Term Loan,Atlas Brands (fictional),Consumer,Europe,BBB,4.7,131
T1068,2015-07-09,USD,63387000.0,54046000.0,0.0,0.0,0.0,0.0,0.002,0.45,0.0,0.0,0,Loan,Revolving Credit Facility,Evergreen Brands (fictional),Consumer,North America,BBB,4.5,164
T1069,2015-11-04,USD,86646000.0,86646000.0,0.0,0.0,0.0,0.0,0.009,0.35,0.0,0.0,0,Loan,Term Loan,Pioneer Systems (fictional),Technology,North America,BB,2.4,332
T1070,2015-01-06,USD,105180000.0,105180000.0,0.0,0.0,0.0,0.0,0.002,0.35,0.0,0.0,0,Loan,Term Loan,Northwind Power (fictional),Utilities,North America,BBB,5.7,174
T1071,2015-02-13,USD,62582000.0,62582000.0,6.81,6.81,0.463,0.0,0.002,0.6,0.0,0.0,0,Bond,Corporate Bond,Meridian Industries (fictional),Industrials,Emerging Markets,BBB,8.0,160
T1072,2015-09-08,USD,49716000.0,49716000.0,4.34,4.34,0.189,0.0,0.035,0.6,0.0,0.0,0,Bond,Corporate Bond,Summit Brands (fictional),Consumer,Emerging Markets,B,5.1,506
T1073,2015-07-11,USD,38315000.0,38315000.0,3.48,3.48,0.121,0.0,0.002,0.6,0.0,0.0,0,Bond,Corporate Bond,Atlas Capital (fictional),Financials,North America,BBB,4.1,165
T1074,2015-11-03,USD,90319000.0,90319000.0,6.43,6.43,0.413,0.0,0.009,0.6,0.0,0.0,0,Bond,Corporate Bond,Silverline Industries (fictional),Industrials,North America,BB,7.6,292
T1075,2015-10-03,USD,32060000.0,32060000.0,2.38,2.38,0.057,0.0,0.002,0.6,0.0,0.0,0,Bond,Corporate Bond,Falcon Power (fictional),Utilities,North America,BBB,2.8,170
T1076,2015-01-17,USD,24986000.0,24986000.0,9.41,9.41,0.886,0.0,0.0006,0.6,0.0,0.0,0,Bond,Corporate Bond,Ironbridge Energy (fictional),Energy,Europe,A,11.1,116
T1077,2015-01-31,USD,71008000.0,71008000.0,5.89,5.89,0.347,0.0,0.002,0.6,0.0,0.0,0,Bond,Corporate Bond,Harbor Health (fictional),Healthcare,North America,BBB,6.9,120
T1078,2015-10-06,USD,36571000.0,36571000.0,7.4,7.4,0.547,0.0,0.002,0.6,0.0,0.0,0,Bond,Corporate Bond,Harbor Systems (fictional),Technology,Asia Pacific,BBB,8.7,167
T1079,2015-06-26,USD,55713000.0,55713000.0,8.88,8.88,0.788,0.0,0.002,0.6,0.0,0.0,0,Bond,Corporate Bond,Northwind Brands (fictional),Consumer,North America,BBB,10.4,139
T1080,2015-11-07,USD,34307000.0,34307000.0,6.69,6.69,0.448,0.0,0.002,0.6,0.0,0.0,0,Bond,Corporate Bond,Pioneer Brands (fictional),Consumer,Emerging Markets,BBB,7.9,127
T1081,2015-12-01,USD,25648000.0,25648000.0,5.09,5.09,0.259,0.0,0.002,0.6,0.0,0.0,0,Bond,Corporate Bond,Summit Industries (fictional),Industrials,Europe,BBB,6.0,179
T1082,2015-12-05,USD,57892000.0,57892000.0,1.91,1.91,0.037,0.0,0.002,0.6,0.0,0.0,0,Bond,Corporate Bond,Evergreen Health (fictional),Healthcare,North America,BBB,2.2,156
T1083,2015-09-14,USD,38663000.0,38663000.0,4.06,4.06,0.165,0.0,0.002,0.6,0.0,0.0,0,Bond,Corporate Bond,Redwood Health (fictional),Healthcare,North America,BBB,4.8,130
T1084,2015-11-26,USD,74653000.0,74653000.0,8.17,8.17,0.668,0.0,0.002,0.6,0.0,0.0,0,Bond,Corporate Bond,Evergreen Brands (fictional),Consumer,Emerging Markets,BBB,9.6,159
T1085,2015-09-25,USD,23402000.0,23402000.0,2.67,2.67,0.071,0.0,0.009,0.6,0.0,0.0,0,Bond,Corporate Bond,Atlas Brands (fictional),Consumer,Emerging Markets,BB,3.1,310
T1086,2015-04-16,USD,89518000.0,89518000.0,10.07,10.07,1.014,0.0,0.002,0.6,0.0,0.0,0,Bond,Corporate Bond,Redwood Power (fictional),Utilities,Europe,BBB,11.8,129
T1087,2015-10-11,USD,17514000.0,17514000.0,2.05,2.05,0.042,0.0,0.002,0.6,0.0,0.0,0,Bond,Corporate Bond,Atlas Power (fictional),Utilities,Asia Pacific,BBB,2.4,150
T1088,2015-10-17,USD,16468000.0,16468000.0,5.2,5.2,0.27,0.0,0.002,0.6,0.0,0.0,0,Bond,Corporate Bond,Redwood Properties (fictional),Real Estate,Emerging Markets,BBB,6.1,124
T1089,2015-01-14,USD,52428000.0,52428000.0,8.69,8.69,0.756,0.0,0.009,0.6,0.0,0.0,0,Bond,Corporate Bond,Bluepeak Health (fictional),Healthcare,Europe,BB,10.2,294
T1090,2015-10-10,USD,44993000.0,44993000.0,7.76,7.76,0.603,0.0,0.0006,0.6,0.0,0.0,0,Bond,Corporate Bond,Summit Energy (fictional),Energy,North America,A,9.1,99
T1091,2015-08-15,USD,45137000.0,45137000.0,3.69,3.69,0.136,0.0,0.009,0.6,0.0,0.0,0,Bond,Corporate Bond,Meridian Energy (fictional),Energy,Asia Pacific,BB,4.3,286
T1092,2015-05-27,USD,29343000.0,29343000.0,1.95,1.95,0.038,0.0,0.002,0.6,0.0,0.0,0,Bond,Corporate Bond,Meridian Capital (fictional),Financials,North America,BBB,2.3,165
T1093,2015-11-08,USD,11971000.0,11971000.0,4.66,4.66,0.217,0.0,0.0006,0.6,0.0,0.0,0,Bond,Corporate Bond,Oakridge Health (fictional),Healthcare,Europe,A,5.5,106
T1094,2015-03-10,USD,34666000.0,34666000.0,9.24,9.24,0.853,0.0,0.002,0.6,0.0,0.0,0,Bond,Corporate Bond,Crescent Properties (fictional),Real Estate,Europe,BBB,10.9,171
T1095,2015-04-19,USD,56740000.0,56740000.0,10.19,10.19,1.038,0.0,0.009,0.6,0.0,0.0,0,Bond,Corporate Bond,Bluepeak Health (fictional),Healthcare,North America,BB,12.0,318
T1096,2015-12-01,USD,16836000.0,16836000.0,5.04,5.04,0.254,0.0,0.002,0.6,0.0,0.0,0,Bond,Corporate Bond,Ironbridge Power (fictional),Utilities,North America,BBB,5.9,149
T1097,2015-01-07,USD,23035000.0,23035000.0,3.42,3.42,0.117,0.0,0.002,0.6,0.0,0.0,0,Bond,Corporate Bond,Redwood Capital (fictional),Financials,North America,BBB,4.0,153
T1098,2015-10-02,USD,34021000.0,34021000.0,9.85,9.85,0.971,0.0,0.002,0.6,0.0,0.0,0,Bond,Corporate Bond,Redwood Systems (fictional),Technology,Europe,BBB,11.6,177
T1099,2015-11-28,USD,17048000.0,17048000.0,4.47,4.47,0.199,0.0,0.009,0.6,0.0,0.0,0,Bond,Corporate Bond,Lakeside Brands (fictional),Consumer,North America,BB,5.3,333
T1100,2015-03-30,USD,45836000.0,45836000.0,4.24,4.24,0.18,0.0,0.002,0.6,0.0,0.0,0,Bond,Corporate Bond,Lakeside Systems (fictional),Technology,Asia Pacific,BBB,5.0,171
T1101,2015-10-17,USD,48494000.0,48494000.0,6.47,6.47,0.419,0.0,0.009,0.6,0.0,0.0,0,Bond,Corporate Bond,Summit Systems (fictional),Technology,North America,BB,7.6,295
T1102,2015-10-25,USD,74794000.0,74794000.0,7.43,7.43,0.553,0.0,0.002,0.6,0.0,0.0,0,Bond,Corporate Bond,Pioneer Brands (fictional),Consumer,Europe,BBB,8.7,135
T1103,2015-08-27,USD,59399000.0,59399000.0,2.57,2.57,0.066,0.0,0.0006,0.6,0.0,0.0,0,Bond,Corporate Bond,Oakridge Health (fictional),Healthcare,Asia Pacific,A,3.0,85
T1104,2015-02-07,USD,64387000.0,64387000.0,9.86,9.86,0.972,0.0,0.002,0.6,0.0,0.0,0,Bond,Corporate Bond,Falcon Systems (fictional),Technology,Europe,BBB,11.6,164
T1105,2015-04-25,USD,25313000.0,25313000.0,6.09,6.09,0.37,0.0,0.0002,0.6,0.0,0.0,0,Bond,Corporate Bond,Northwind Systems (fictional),Technology,North America,AA,7.2,77
T1106,2015-03-17,USD,67590000.0,67590000.0,7.63,7.63,0.583,0.0,0.002,0.6,0.0,0.0,0,Bond,Corporate Bond,Northwind Energy (fictional),Energy,North America,BBB,9.0,146
T1107,2015-11-11,USD,39728000.0,39728000.0,2.65,2.65,0.07,0.0,0.002,0.6,0.0,0.0,0,Bond,Corporate Bond,Crescent Properties (fictional),Real Estate,North America,BBB,3.1,144
T1108,2015-10-12,USD,18304000.0,18304000.0,5.37,5.37,0.288,0.0,0.002,0.6,0.0,0.0,0,Bond,Corporate Bond,Northwind Capital (fictional),Financials,Europe,BBB,6.3,153
T1109,2015-09-07,USD,12788000.0,12788000.0,5.78,5.78,0.334,0.0,0.0006,0.6,0.0,0.0,0,Bond,Corporate Bond,Meridian Industries (fictional),Industrials,North America,A,6.8,111
T1110,2015-09-17,USD,22619000.0,22619000.0,5.62,5.62,0.315,0.0,0.035,0.6,0.0,0.0,0,Bond,Corporate Bond,Harbor Systems (fictional),Technology,North America,B,6.6,511
T1111,2015-03-10,USD,45968000.0,45968000.0,1.78,1.78,0.032,0.0,0.0006,0.6,0.0,0.0,0,Bond,Corporate Bond,Silverline Capital (fictional),Financials,North America,A,2.1,115
T1112,2015-08-04,USD,66006000.0,66006000.0,6.54,6.54,0.427,0.0,0.002,0.6,0.0,0.0,0,Bond,Corporate Bond,Northwind Power (fictional),Utilities,North America,BBB,7.7,133
T1113,2015-10-10,USD,98266000.0,98266000.0,3.08,3.08,0.095,0.0,0.009,0.6,0.0,0.0,0,Bond,Corporate Bond,Meridian Health (fictional),Healthcare,North America,BB,3.6,333
T1114,2015-12-26,USD,24079000.0,24079000.0,6.83,6.83,0.466,0.0,0.035,0.6,0.0,0.0,0,Bond,Corporate Bond,Meridian Properties (fictional),Real Estate,North America,B,8.0,514
T1115,2015-03-20,USD,55075000.0,55075000.0,6.81,6.81,0.463,0.0,0.0006,0.6,0.0,0.0,0,Bond,Corporate Bond,Summit Energy (fictional),Energy,Asia Pacific,A,8.0,77
T1116,2015-10-28,USD,217798000.0,217798000.0,6.13,0.0,0.376,0.0,0.0001,0.6,0.0,0.0,0,Bond,Sovereign Bond,US Treasury,Sovereign,North America,AAA,6.8,0
T1117,2015-01-29,EUR,199376000.0,199376000.0,6.44,0.0,0.415,0.0,0.0001,0.6,0.0,0.0,1,Bond,Sovereign Bond,German Bund,Sovereign,Europe,AAA,7.2,0
T1118,2015-08-29,GBP,184573000.0,184573000.0,4.49,4.49,0.201,0.0,0.0002,0.6,0.0,0.0,1,Bond,Sovereign Bond,UK Gilt,Sovereign,Europe,AA,5.0,0
T1119,2015-09-22,JPY,298122000.0,298122000.0,10.68,10.68,1.14,0.0,0.0006,0.6,0.0,0.0,1,Bond,Sovereign Bond,Japan JGB,Sovereign,Asia Pacific,A,11.9,0
T1120,2015-02-23,EUR,270622000.0,270622000.0,12.31,12.31,1.516,0.0,0.002,0.6,0.0,0.0,1,Bond,Sovereign Bond,Italy BTP,Sovereign,Europe,BBB,13.7,0
T1121,2015-08-05,INR,180652000.0,180652000.0,4.25,4.25,0.181,0.0,0.002,0.6,0.0,0.0,1,Bond,Sovereign Bond,India G-Sec,Sovereign,Emerging Markets,BBB,4.7,0
T1122,2015-10-17,BRL,129660000.0,129660000.0,4.57,4.57,0.209,0.0,0.009,0.6,0.0,0.0,1,Bond,Sovereign Bond,Brazil NTN,Sovereign,Emerging Markets,BB,5.1,0
T1123,2015-07-05,IDR,121773000.0,121773000.0,2.74,2.74,0.075,0.0,0.002,0.6,0.0,0.0,1,Bond,Sovereign Bond,Indonesia INDOGB,Sovereign,Emerging Markets,BBB,3.0,0
T1124,2015-07-29,USD,23457000.0,23457000.0,0.0,0.0,0.0,0.79,0.0,0.0,0.0,0.0,0,Equity,Listed Equity,Northwind Properties (fictional),Real Estate,Emerging Markets,NR,0.0,0
T1125,2015-08-15,USD,13553000.0,13553000.0,0.0,0.0,0.0,0.89,0.0,0.0,0.0,0.0,0,Equity,Listed Equity,Silverline Properties (fictional),Real Estate,Emerging Markets,NR,0.0,0
T1126,2015-12-23,USD,19369000.0,19369000.0,0.0,0.0,0.0,1.16,0.0,0.0,0.0,0.0,0,Equity,Listed Equity,Northwind Health (fictional),Healthcare,Europe,NR,0.0,0
T1127,2015-03-26,USD,24678000.0,24678000.0,0.0,0.0,0.0,1.31,0.0,0.0,0.0,0.0,0,Equity,Listed Equity,Silverline Power (fictional),Utilities,North America,NR,0.0,0
T1128,2015-10-02,USD,8725000.0,8725000.0,0.0,0.0,0.0,0.98,0.0,0.0,0.0,0.0,0,Equity,Listed Equity,Crescent Power (fictional),Utilities,Europe,NR,0.0,0
T1129,2015-10-04,USD,25999000.0,25999000.0,0.0,0.0,0.0,1.39,0.0,0.0,0.0,0.0,0,Equity,Listed Equity,Crescent Health (fictional),Healthcare,Asia Pacific,NR,0.0,0
T1130,2015-05-11,USD,13558000.0,13558000.0,0.0,0.0,0.0,1.26,0.0,0.0,0.0,0.0,0,Equity,Listed Equity,Ironbridge Capital (fictional),Financials,Europe,NR,0.0,0
T1131,2015-11-21,USD,10957000.0,10957000.0,0.0,0.0,0.0,0.98,0.0,0.0,0.0,0.0,0,Equity,Listed Equity,Pioneer Brands (fictional),Consumer,Europe,NR,0.0,0
T1132,2015-09-06,USD,8485000.0,8485000.0,0.0,0.0,0.0,0.82,0.0,0.0,0.0,0.0,0,Equity,Listed Equity,Evergreen Capital (fictional),Financials,North America,NR,0.0,0
T1133,2015-03-19,USD,17587000.0,17587000.0,0.0,0.0,0.0,1.03,0.0,0.0,0.0,0.0,0,Equity,Listed Equity,Harbor Capital (fictional),Financials,Emerging Markets,NR,0.0,0
T1134,2015-02-02,USD,15234000.0,15234000.0,0.0,0.0,0.0,1.06,0.0,0.0,0.0,0.0,0,Equity,Listed Equity,Atlas Properties (fictional),Real Estate,Emerging Markets,NR,0.0,0
T1135,2015-07-28,USD,18284000.0,18284000.0,0.0,0.0,0.0,0.77,0.0,0.0,0.0,0.0,0,Equity,Listed Equity,Falcon Health (fictional),Healthcare,Asia Pacific,NR,0.0,0
T1136,2015-01-02,USD,9591000.0,9591000.0,0.0,0.0,0.0,0.77,0.0,0.0,0.0,0.0,0,Equity,Listed Equity,Oakridge Power (fictional),Utilities,Emerging Markets,NR,0.0,0
T1137,2015-12-24,USD,12681000.0,12681000.0,0.0,0.0,0.0,0.96,0.0,0.0,0.0,0.0,0,Equity,Listed Equity,Harbor Capital (fictional),Financials,Asia Pacific,NR,0.0,0
T1138,2015-05-08,USD,16016000.0,16016000.0,0.0,0.0,0.0,0.92,0.0,0.0,0.0,0.0,0,Equity,Listed Equity,Atlas Power (fictional),Utilities,Emerging Markets,NR,0.0,0
T1139,2015-08-08,USD,10532000.0,10532000.0,0.0,0.0,0.0,1.35,0.0,0.0,0.0,0.0,0,Equity,Listed Equity,Northwind Brands (fictional),Consumer,Europe,NR,0.0,0
T1140,2015-10-08,USD,15235000.0,15235000.0,0.0,0.0,0.0,0.98,0.0,0.0,0.0,0.0,0,Equity,Listed Equity,Redwood Brands (fictional),Consumer,North America,NR,0.0,0
T1141,2015-05-04,USD,18551000.0,18551000.0,0.0,0.0,0.0,1.37,0.0,0.0,0.0,0.0,0,Equity,Listed Equity,Northwind Capital (fictional),Financials,North America,NR,0.0,0
T1142,2015-05-06,USD,14568000.0,14568000.0,0.0,0.0,0.0,1.32,0.0,0.0,0.0,0.0,0,Equity,Listed Equity,Harbor Health (fictional),Healthcare,North America,NR,0.0,0
T1143,2015-07-10,USD,7667000.0,7667000.0,0.0,0.0,0.0,1.03,0.0,0.0,0.0,0.0,0,Equity,Listed Equity,Redwood Systems (fictional),Technology,North America,NR,0.0,0
T1144,2015-03-31,USD,9062000.0,9062000.0,0.0,0.0,0.0,1.37,0.0,0.0,0.0,0.0,0,Equity,Listed Equity,Crescent Industries (fictional),Industrials,North America,NR,0.0,0
T1145,2015-04-03,USD,5634000.0,5634000.0,0.0,0.0,0.0,0.91,0.0,0.0,0.0,0.0,0,Equity,Listed Equity,Harbor Health (fictional),Healthcare,Europe,NR,0.0,0
T1146,2015-08-13,USD,16791000.0,16791000.0,0.0,0.0,0.0,1.39,0.0,0.0,0.0,0.0,0,Equity,Listed Equity,Pioneer Systems (fictional),Technology,Emerging Markets,NR,0.0,0
T1147,2015-02-20,USD,8683000.0,8683000.0,0.0,0.0,0.0,0.91,0.0,0.0,0.0,0.0,0,Equity,Listed Equity,Ironbridge Properties (fictional),Real Estate,Emerging Markets,NR,0.0,0
T1148,2015-05-27,USD,6398000.0,6398000.0,0.0,0.0,0.0,1.13,0.0,0.0,0.0,0.0,0,Equity,Listed Equity,Lakeside Capital (fictional),Financials,North America,NR,0.0,0
T1149,2015-05-17,USD,122296000.0,513000.0,0.0,0.0,0.0,0.0,0.0,0.0,75334.0,0.0,0,Derivative,Interest Rate Swap (Pay Fixed),Redwood Capital (fictional),Rates,North America,A,7.0,0
T1150,2015-02-10,USD,97463000.0,152000.0,0.0,0.0,0.0,0.0,0.0,0.0,60037.0,0.0,0,Derivative,Interest Rate Swap (Pay Fixed),Meridian Capital (fictional),Rates,North America,A,7.0,0
T1151,2015-03-27,USD,139340000.0,1148000.0,0.0,0.0,0.0,0.0,0.0,0.0,122619.0,0.0,0,Derivative,Interest Rate Swap (Pay Fixed),Granite Capital (fictional),Rates,Europe,A,10.0,0
T1152,2015-08-26,USD,79212000.0,-238000.0,0.0,0.0,0.0,0.0,0.0,0.0,209120.0,0.0,0,Derivative,Interest Rate Swap (Pay Fixed),Silverline Capital (fictional),Rates,Europe,A,30.0,0
T1153,2015-07-29,USD,198032000.0,917000.0,0.0,0.0,0.0,0.0,0.0,0.0,121987.0,0.0,0,Derivative,Interest Rate Swap (Pay Fixed),Oakridge Capital (fictional),Rates,Europe,A,7.0,0
T1154,2015-04-19,USD,92682000.0,-697000.0,0.0,0.0,0.0,0.0,0.0,0.0,-244681.0,0.0,0,Derivative,Interest Rate Swap (Receive Fixed),Atlas Capital (fictional),Rates,North America,A,30.0,0
T1155,2015-04-14,USD,97235000.0,-65000.0,0.0,0.0,0.0,0.0,0.0,0.0,-17113.0,0.0,0,Derivative,Interest Rate Swap (Receive Fixed),Northwind Capital (fictional),Rates,Europe,A,2.0,0
T1156,2015-05-12,USD,137796000.0,42000.0,0.0,0.0,0.0,0.0,0.0,0.0,-84882.0,0.0,0,Derivative,Interest Rate Swap (Receive Fixed),Meridian Capital (fictional),Rates,North America,A,7.0,0
T1157,2015-05-16,USD,187691000.0,232000.0,0.0,0.0,0.0,0.0,0.0,0.0,-33034.0,0.0,0,Derivative,Interest Rate Swap (Receive Fixed),Meridian Capital (fictional),Rates,Europe,A,2.0,0
T1158,2015-02-27,USD,84369000.0,292000.0,0.0,0.0,0.0,0.0,0.0,0.0,51971.0,0.0,0,Derivative,Interest Rate Swap (Pay Fixed),Meridian Capital (fictional),Rates,North America,A,7.0,0
T1159,2015-07-12,USD,233652000.0,270000.0,0.0,0.0,0.0,0.0,0.0,0.0,-616841.0,0.0,0,Derivative,Interest Rate Swap (Receive Fixed),Bluepeak Capital (fictional),Rates,North America,A,30.0,0
T1160,2015-05-16,USD,177426000.0,-2589000.0,0.0,0.0,0.0,0.0,0.0,0.0,-109295.0,0.0,0,Derivative,Interest Rate Swap (Receive Fixed),Silverline Capital (fictional),Rates,Europe,A,7.0,0
T1161,2015-12-07,USD,188015000.0,-536000.0,0.0,0.0,0.0,0.0,0.0,0.0,-115817.0,0.0,0,Derivative,Interest Rate Swap (Receive Fixed),Evergreen Capital (fictional),Rates,North America,A,7.0,0
T1162,2015-10-29,USD,117757000.0,192000.0,0.0,0.0,0.0,0.0,0.0,0.0,-51813.0,0.0,0,Derivative,Interest Rate Swap (Receive Fixed),Northwind Capital (fictional),Rates,Europe,A,5.0,0
T1163,2015-07-21,USD,160156000.0,-23000.0,0.0,0.0,0.0,0.0,0.0,0.0,70469.0,0.0,0,Derivative,Interest Rate Swap (Pay Fixed),Crescent Capital (fictional),Rates,Europe,A,5.0,0
T1164,2015-06-08,USD,131989000.0,18000.0,0.0,0.0,0.0,0.0,0.0,0.0,348451.0,0.0,0,Derivative,Interest Rate Swap (Pay Fixed),Ironbridge Capital (fictional),Rates,North America,A,30.0,0
T1165,2015-06-01,USD,142244000.0,-569000.0,0.0,0.0,0.0,0.0,0.0,0.0,25035.0,0.0,0,Derivative,Interest Rate Swap (Pay Fixed),Silverline Capital (fictional),Rates,Europe,A,2.0,0
T1166,2015-08-13,USD,260597000.0,463000.0,0.0,0.0,0.0,0.0,0.0,0.0,-229325.0,0.0,0,Derivative,Interest Rate Swap (Receive Fixed),Evergreen Capital (fictional),Rates,Europe,A,10.0,0
T1167,2015-08-02,USD,69775000.0,104000.0,0.0,0.0,0.0,0.0,0.0,0.0,184206.0,0.0,0,Derivative,Interest Rate Swap (Pay Fixed),Bluepeak Capital (fictional),Rates,Europe,A,30.0,0
T1168,2015-06-15,USD,74329000.0,180000.0,0.0,0.0,0.0,0.0,0.0,0.0,-13082.0,0.0,0,Derivative,Interest Rate Swap (Receive Fixed),Atlas Capital (fictional),Rates,Europe,A,2.0,0
T1169,2015-05-14,USD,41219000.0,-14000.0,0.0,0.0,0.0,0.0,0.0,0.0,0.0,18549.0,0,Derivative,Credit Default Swap (Protection Bought),Atlas Brands (fictional),Consumer,Asia Pacific,B,5.0,0
T1170,2015-05-27,USD,67949000.0,-12000.0,0.0,0.0,0.0,0.0,0.0,0.0,0.0,30577.0,0,Derivative,Credit Default Swap (Protection Bought),Lakeside Properties (fictional),Real Estate,Europe,B,5.0,0
T1171,2015-02-03,USD,42361000.0,-48000.0,0.0,0.0,0.0,0.0,0.0,0.0,0.0,19063.0,0,Derivative,Credit Default Swap (Protection Bought),Meridian Systems (fictional),Technology,Europe,A,5.0,0
T1172,2015-10-02,USD,58181000.0,-289000.0,0.0,0.0,0.0,0.0,0.0,0.0,0.0,26181.0,0,Derivative,Credit Default Swap (Protection Bought),Evergreen Health (fictional),Healthcare,Asia Pacific,A,5.0,0
T1173,2015-02-20,USD,33235000.0,34000.0,0.0,0.0,0.0,0.0,0.0,0.0,0.0,14956.0,0,Derivative,Credit Default Swap (Protection Bought),Pioneer Capital (fictional),Financials,North America,A,5.0,0
T1174,2015-09-30,USD,58907000.0,-385000.0,0.0,0.0,0.0,0.0,0.0,0.0,0.0,26508.0,0,Derivative,Credit Default Swap (Protection Bought),Oakridge Properties (fictional),Real Estate,Emerging Markets,BB,5.0,0
T1175,2015-05-26,USD,49907000.0,73000.0,0.0,0.0,0.0,0.0,0.0,0.0,0.0,22458.0,0,Derivative,Credit Default Swap (Protection Bought),Lakeside Systems (fictional),Technology,Europe,B,5.0,0
T1176,2015-04-30,USD,49972000.0,102000.0,0.0,0.0,0.0,0.0,0.0,0.0,0.0,-22487.0,0,Derivative,Credit Default Swap (Protection Sold),Ironbridge Brands (fictional),Consumer,Emerging Markets,BBB,5.0,0
T1177,2015-05-02,USD,73816000.0,-119000.0,0.0,0.0,0.0,0.0,0.0,0.0,0.0,33217.0,0,Derivative,Credit Default Swap (Protection Bought),Meridian Systems (fictional),Technology,North America,BBB,5.0,0
T1178,2015-02-08,USD,34116000.0,11000.0,0.0,0.0,0.0,0.0,0.0,0.0,0.0,-15352.0,0,Derivative,Credit Default Swap (Protection Sold),Oakridge Properties (fictional),Real Estate,Asia Pacific,BB,5.0,0
T1179,2015-04-16,USD,28821000.0,38000.0,0.0,0.0,0.0,0.0,0.0,0.0,0.0,12969.0,0,Derivative,Credit Default Swap (Protection Bought),Evergreen Industries (fictional),Industrials,North America,BBB,5.0,0
T1180,2015-01-15,USD,89447000.0,-16000.0,0.0,0.0,0.0,0.0,0.0,0.0,0.0,-40251.0,0,Derivative,Credit Default Swap (Protection Sold),Ironbridge Systems (fictional),Technology,North America,BB,5.0,0
T1181,2015-10-10,USD,59981000.0,-41000.0,0.0,0.0,0.0,0.0,0.0,0.0,0.0,-26992.0,0,Derivative,Credit Default Swap (Protection Sold),Atlas Systems (fictional),Technology,North America,A,5.0,0
T1182,2015-04-16,USD,34705000.0,-61000.0,0.0,0.0,0.0,0.0,0.0,0.0,0.0,15617.0,0,Derivative,Credit Default Swap (Protection Bought),Falcon Industries (fictional),Industrials,Europe,BBB,5.0,0
T1183,2015-04-09,USD,55121000.0,-68000.0,0.0,0.0,0.0,0.0,0.0,0.0,0.0,24804.0,0,Derivative,Credit Default Swap (Protection Bought),Harbor Properties (fictional),Real Estate,Emerging Markets,BB,5.0,0
T1184,2015-06-04,JPY,36974000.0,-110000.0,0.0,0.0,0.0,0.0,0.0,0.0,0.0,0.0,1,Derivative,FX Forward (Long JPY/USD),Silverline Capital (fictional),FX,Asia Pacific,A,0.63,0
T1185,2015-12-31,GBP,87550000.0,-29000.0,0.0,0.0,0.0,0.0,0.0,0.0,0.0,0.0,-1,Derivative,FX Forward (Short GBP/USD),Northwind Capital (fictional),FX,Europe,A,0.32,0
T1186,2015-06-18,MXN,130172000.0,400000.0,0.0,0.0,0.0,0.0,0.0,0.0,0.0,0.0,1,Derivative,FX Forward (Long MXN/USD),Crescent Capital (fictional),FX,Emerging Markets,A,0.29,0
T1187,2015-10-31,AUD,46217000.0,-184000.0,0.0,0.0,0.0,0.0,0.0,0.0,0.0,0.0,-1,Derivative,FX Forward (Short AUD/USD),Evergreen Capital (fictional),FX,Asia Pacific,A,0.56,0
T1188,2015-06-29,JPY,168296000.0,-202000.0,0.0,0.0,0.0,0.0,0.0,0.0,0.0,0.0,-1,Derivative,FX Forward (Short JPY/USD),Silverline Capital (fictional),FX,Asia Pacific,A,0.36,0
T1189,2015-07-14,AUD,141015000.0,-697000.0,0.0,0.0,0.0,0.0,0.0,0.0,0.0,0.0,1,Derivative,FX Forward (Long AUD/USD),Crescent Capital (fictional),FX,Asia Pacific,A,0.29,0
T1190,2015-01-13,EUR,54988000.0,-74000.0,0.0,0.0,0.0,0.0,0.0,0.0,0.0,0.0,-1,Derivative,FX Forward (Short EUR/USD),Bluepeak Capital (fictional),FX,Europe,A,0.87,0
T1191,2015-10-28,JPY,70816000.0,-93000.0,0.0,0.0,0.0,0.0,0.0,0.0,0.0,0.0,-1,Derivative,FX Forward (Short JPY/USD),Crescent Capital (fictional),FX,Asia Pacific,A,0.86,0
T1192,2015-04-04,EUR,73667000.0,14000.0,0.0,0.0,0.0,0.0,0.0,0.0,0.0,0.0,-1,Derivative,FX Forward (Short EUR/USD),Granite Capital (fictional),FX,Europe,A,0.63,0
T1193,2015-03-22,AUD,188939000.0,-513000.0,0.0,0.0,0.0,0.0,0.0,0.0,0.0,0.0,1,Derivative,FX Forward (Long AUD/USD),Ironbridge Capital (fictional),FX,Asia Pacific,A,0.81,0
T1194,2015-03-06,INR,101349000.0,522000.0,0.0,0.0,0.0,0.0,0.0,0.0,0.0,0.0,1,Derivative,FX Forward (Long INR/USD),Silverline Capital (fictional),FX,Emerging Markets,A,0.55,0
T1195,2015-06-13,IDR,91684000.0,51000.0,0.0,0.0,0.0,0.0,0.0,0.0,0.0,0.0,-1,Derivative,FX Forward (Short IDR/USD),Silverline Capital (fictional),FX,Emerging Markets,A,0.91,0
T1196,2015-03-22,IDR,23490000.0,-43000.0,0.0,0.0,0.0,0.0,0.0,0.0,0.0,0.0,1,Derivative,FX Forward (Long IDR/USD),Granite Capital (fictional),FX,Emerging Markets,A,0.47,0
T1197,2015-10-30,GBP,48884000.0,440000.0,0.0,0.0,0.0,0.0,0.0,0.0,0.0,0.0,-1,Derivative,FX Forward (Short GBP/USD),Ironbridge Capital (fictional),FX,Europe,A,0.27,0
T1198,2015-04-05,JPY,45034000.0,-225000.0,0.0,0.0,0.0,0.0,0.0,0.0,0.0,0.0,1,Derivative,FX Forward (Long JPY/USD),Granite Capital (fictional),FX,Asia Pacific,A,0.82,0
T1199,2015-04-09,GBP,54655000.0,114000.0,0.0,0.0,0.0,0.0,0.0,0.0,0.0,0.0,1,Derivative,FX Forward (Long GBP/USD),Pioneer Capital (fictional),FX,Europe,A,0.49,0
T1200,2015-01-01,AUD,53620000.0,-369000.0,0.0,0.0,0.0,0.0,0.0,0.0,0.0,0.0,1,Derivative,FX Forward (Long AUD/USD),Summit Capital (fictional),FX,Asia Pacific,A,0.92,0
T1201,2015-06-21,MXN,108691000.0,548000.0,0.0,0.0,0.0,0.0,0.0,0.0,0.0,0.0,-1,Derivative,FX Forward (Short MXN/USD),Bluepeak Capital (fictional),FX,Emerging Markets,A,0.95,0
T1202,2015-03-13,JPY,210382000.0,-975000.0,0.0,0.0,0.0,0.0,0.0,0.0,0.0,0.0,-1,Derivative,FX Forward (Short JPY/USD),Redwood Capital (fictional),FX,Asia Pacific,A,0.41,0
T1203,2015-03-06,INR,41296000.0,-21000.0,0.0,0.0,0.0,0.0,0.0,0.0,0.0,0.0,1,Derivative,FX Forward (Long INR/USD),Lakeside Capital (fictional),FX,Emerging Markets,A,0.9,0
